{
"lengthUnit": "mil",
"components": {
	"fields": ["COMPONENT_NO", "COMPONENT_NAME", "LAYER", "X_COORDINATE", "Y_COORDINATE", "ANGLE"],
	"rows": [
		[1, "C1", "T", 138, -370, 90],
		[2, "C2", "T", 198, -878, 270],
		[3, "C4", "T", 193.46, -522.43, 270],
		[4, "C5", "T", 326, -876, 270],
		[5, "C6", "T", 327.46, -524.43, 270],
		[6, "C7", "T", 237.08, -1067.89, 180],
		[7, "H2", "T", 236, -97.89, 0],
		[8, "LED3", "T", 57.35, -995.89, 90],
		[9, "LED18", "T", 82, -1233.89, 90],
		[10, "LED19", "T", 184.5, -1279.89, 90],
		[11, "LED20", "T", 288, -1280, 90],
		[12, "LED21", "T", 388, -1236, 90],
		[13, "LED22", "T", 414, -999.89, 90],
		[14, "LED23", "T", 414, -775.89, 90],
		[15, "LED24", "T", 414, -551.89, 90],
		[16, "LED25", "T", 414, -327.89, 90],
		[17, "LED26", "T", 57.35, -547.24, 90],
		[18, "LED27", "T", 57.35, -771.89, 90],
		[19, "LED28", "T", 57.35, -323.89, 90],
		[20, "MIC1", "T", 236, -984, 270],
		[21, "R1", "T", 58, -440, 180],
		[22, "R2", "T", 54, -664, 180],
		[23, "R3", "T", 56, -215.89, 180],
		[24, "R5", "T", 52.58, -887.89, 180],
		[25, "R6", "T", 186, -1167.89, 0],
		[26, "R7", "T", 288, -1167.89, 0],
		[27, "R8", "T", 394, -1128, 0],
		[28, "R10", "T", 82, -1126, 0],
		[29, "R11", "T", 419.88, -667.89, 0],
		[30, "R12", "T", 419.88, -444.51, 0],
		[31, "R13", "T", 420, -220, 0],
		[32, "R15", "T", 419.88, -891.89, 0],
		[33, "U1", "T", 170, -627.89, 0],
		[34, "U3", "T", 236, -374.7, 270],
		[35, "U4", "T", 300, -627.89, 0],
		[36, "U6", "T", 170, -758, 0],
		[37, "U7", "T", 302, -758, 0]
	]
},
"pins": {
	"fields": ["PIN_NO", "PIN_NAME", "PIN_X", "PIN_Y", "LAYER", "PIN_TYPE", "NET_NAME", "NET_TYPE", "PAD_SHAPE", "PAD_SIZEX", "PAD_SIZEY", "HOLE_SIZE", "PAD_ANGLE"],
	"rows": [
		[1, "C1_1", 138, -391.46, "T", "SMD", "GND", "GND", "R", 31.11, 21.26, 0, 90],
		[2, "C1_2", 138, -348.54, "T", "SMD", "+5V", "", "R", 31.11, 21.26, 0, 90],
		[3, "C2_1", 198, -856.54, "T", "SMD", "GND", "GND", "R", 31.11, 21.26, 0, 270],
		[4, "C2_2", 198, -899.46, "T", "SMD", "+3.3V", "", "R", 31.11, 21.26, 0, 270],
		[5, "C4_1", 193.46, -500.97, "T", "SMD", "GND", "GND", "R", 31.11, 21.26, 0, 270],
		[6, "C4_2", 193.46, -543.89, "T", "SMD", "+3.3V", "", "R", 31.11, 21.26, 0, 270],
		[7, "C5_1", 326, -854.54, "T", "SMD", "GND", "GND", "R", 31.11, 21.26, 0, 270],
		[8, "C5_2", 326, -897.46, "T", "SMD", "+3.3V", "", "R", 31.11, 21.26, 0, 270],
		[9, "C6_1", 327.46, -502.97, "T", "SMD", "GND", "GND", "R", 31.11, 21.26, 0, 270],
		[10, "C6_2", 327.46, -545.89, "T", "SMD", "+3.3V", "", "R", 31.11, 21.26, 0, 270],
		[11, "C7_1", 258.54, -1067.89, "T", "SMD", "+3.3V", "", "R", 31.11, 21.26, 0, 180],
		[12, "C7_2", 215.62, -1067.89, "T", "SMD", "GND", "GND", "R", 31.11, 21.26, 0, 180],
		[13, "H2_1", 78.52, -137.26, "T", "DIP", "+5V", "", "R", 60, 55.12, 35.43, 0],
		[14, "H2_1", 78.52, -137.26, "B", "DIP", "+5V", "", "R", 60, 55.12, 35.43, 0],
		[15, "H2_2", 78.52, -58.52, "T", "DIP", "CS1", "", "C", 55.12, 55.12, 35.43, 0],
		[16, "H2_2", 78.52, -58.52, "B", "DIP", "CS1", "", "C", 55.12, 55.12, 35.43, 0],
		[17, "H2_3", 157.26, -137.26, "T", "DIP", "SDI", "", "C", 55.12, 55.12, 35.43, 0],
		[18, "H2_3", 157.26, -137.26, "B", "DIP", "SDI", "", "C", 55.12, 55.12, 35.43, 0],
		[19, "H2_4", 157.26, -58.52, "T", "DIP", "CS2", "", "C", 55.12, 55.12, 35.43, 0],
		[20, "H2_4", 157.26, -58.52, "B", "DIP", "CS2", "", "C", 55.12, 55.12, 35.43, 0],
		[21, "H2_5", 236, -137.26, "T", "DIP", "SDO", "", "C", 55.12, 55.12, 35.43, 0],
		[22, "H2_5", 236, -137.26, "B", "DIP", "SDO", "", "C", 55.12, 55.12, 35.43, 0],
		[23, "H2_6", 236, -58.52, "T", "DIP", "CS3", "", "C", 55.12, 55.12, 35.43, 0],
		[24, "H2_6", 236, -58.52, "B", "DIP", "CS3", "", "C", 55.12, 55.12, 35.43, 0],
		[25, "H2_7", 314.74, -137.26, "T", "DIP", "SCK", "", "C", 55.12, 55.12, 35.43, 0],
		[26, "H2_7", 314.74, -137.26, "B", "DIP", "SCK", "", "C", 55.12, 55.12, 35.43, 0],
		[27, "H2_8", 314.74, -58.52, "T", "DIP", "CS4", "", "C", 55.12, 55.12, 35.43, 0],
		[28, "H2_8", 314.74, -58.52, "B", "DIP", "CS4", "", "C", 55.12, 55.12, 35.43, 0],
		[29, "H2_9", 393.48, -137.26, "T", "DIP", "GND", "GND", "C", 55.12, 55.12, 35.43, 0],
		[30, "H2_9", 393.48, -137.26, "B", "DIP", "GND", "GND", "C", 55.12, 55.12, 35.43, 0],
		[31, "H2_10", 393.48, -58.52, "T", "DIP", "MIC", "", "C", 55.12, 55.12, 35.43, 0],
		[32, "H2_10", 393.48, -58.52, "B", "DIP", "MIC", "", "C", 55.12, 55.12, 35.43, 0],
		[33, "LED3_1", 57.35, -954.54, "T", "SMD", "$1N12576", "", "R", 39.37, 55.1, 0, 270],
		[34, "LED3_2", 57.35, -1037.24, "T", "SMD", "GND", "GND", "R", 39.37, 55.1, 0, 270],
		[35, "LED18_1", 82, -1192.54, "T", "SMD", "$1N1692", "", "R", 39.37, 55.1, 0, 270],
		[36, "LED18_2", 82, -1275.24, "T", "SMD", "GND", "GND", "R", 39.37, 55.1, 0, 270],
		[37, "LED19_1", 184.5, -1238.54, "T", "SMD", "$1N1740", "", "R", 39.37, 55.1, 0, 270],
		[38, "LED19_2", 184.5, -1321.24, "T", "SMD", "GND", "GND", "R", 39.37, 55.1, 0, 270],
		[39, "LED20_1", 288, -1238.65, "T", "SMD", "$1N1788", "", "R", 39.37, 55.1, 0, 270],
		[40, "LED20_2", 288, -1321.35, "T", "SMD", "GND", "GND", "R", 39.37, 55.1, 0, 270],
		[41, "LED21_1", 388, -1194.65, "T", "SMD", "$1N1834", "", "R", 39.37, 55.1, 0, 270],
		[42, "LED21_2", 388, -1277.35, "T", "SMD", "GND", "GND", "R", 39.37, 55.1, 0, 270],
		[43, "LED22_1", 414, -958.54, "T", "SMD", "$1N1906", "", "R", 39.37, 55.1, 0, 270],
		[44, "LED22_2", 414, -1041.24, "T", "SMD", "GND", "GND", "R", 39.37, 55.1, 0, 270],
		[45, "LED23_1", 414, -734.54, "T", "SMD", "$1N1940", "", "R", 39.37, 55.1, 0, 270],
		[46, "LED23_2", 414, -817.24, "T", "SMD", "GND", "GND", "R", 39.37, 55.1, 0, 270],
		[47, "LED24_1", 414, -510.54, "T", "SMD", "$1N2041", "", "R", 39.37, 55.1, 0, 270],
		[48, "LED24_2", 414, -593.24, "T", "SMD", "GND", "GND", "R", 39.37, 55.1, 0, 270],
		[49, "LED25_1", 414, -286.54, "T", "SMD", "$1N2004", "", "R", 39.37, 55.1, 0, 270],
		[50, "LED25_2", 414, -369.24, "T", "SMD", "GND", "GND", "R", 39.37, 55.1, 0, 270],
		[51, "LED26_1", 57.35, -505.89, "T", "SMD", "$1N12608", "", "R", 39.37, 55.1, 0, 270],
		[52, "LED26_2", 57.35, -588.59, "T", "SMD", "GND", "GND", "R", 39.37, 55.1, 0, 270],
		[53, "LED27_1", 57.35, -730.54, "T", "SMD", "$1N12641", "", "R", 39.37, 55.1, 0, 270],
		[54, "LED27_2", 57.35, -813.24, "T", "SMD", "GND", "GND", "R", 39.37, 55.1, 0, 270],
		[55, "LED28_1", 57.35, -282.54, "T", "SMD", "$1N12674", "", "R", 39.37, 55.1, 0, 270],
		[56, "LED28_2", 57.35, -365.24, "T", "SMD", "GND", "GND", "R", 39.37, 55.1, 0, 270],
		[57, "MIC1_1", 275.17, -963.33, "T", "SMD", "MIC", "", "R", 23.62, 23.62, 0, 270],
		[58, "MIC1_2", 196.83, -963.33, "T", "SMD", "GND", "GND", "R", 23.62, 23.62, 0, 270],
		[59, "MIC1_3", 196.83, -1004.67, "T", "SMD", "GND", "GND", "R", 23.62, 23.62, 0, 270],
		[60, "MIC1_4", 275.17, -1004.67, "T", "SMD", "+3.3V", "", "R", 23.62, 23.62, 0, 270],
		[61, "R1_1", 75.04, -440, "T", "SMD", "$1N12608", "", "R", 22.27, 21.26, 0, 180],
		[62, "R1_2", 40.96, -440, "T", "SMD", "+5V", "", "R", 22.27, 21.26, 0, 180],
		[63, "R2_1", 71.04, -664, "T", "SMD", "$1N12641", "", "R", 22.27, 21.26, 0, 180],
		[64, "R2_2", 36.96, -664, "T", "SMD", "+5V", "", "R", 22.27, 21.26, 0, 180],
		[65, "R3_1", 73.04, -215.89, "T", "SMD", "$1N12674", "", "R", 22.27, 21.26, 0, 180],
		[66, "R3_2", 38.96, -215.89, "T", "SMD", "+5V", "", "R", 22.27, 21.26, 0, 180],
		[67, "R5_1", 69.62, -887.89, "T", "SMD", "$1N12576", "", "R", 22.27, 21.26, 0, 180],
		[68, "R5_2", 35.53, -887.89, "T", "SMD", "+5V", "", "R", 22.27, 21.26, 0, 180],
		[69, "R6_1", 168.96, -1167.89, "T", "SMD", "$1N1740", "", "R", 22.27, 21.26, 0, 0],
		[70, "R6_2", 203.04, -1167.89, "T", "SMD", "+5V", "", "R", 22.27, 21.26, 0, 0],
		[71, "R7_1", 270.96, -1167.89, "T", "SMD", "$1N1788", "", "R", 22.27, 21.26, 0, 0],
		[72, "R7_2", 305.04, -1167.89, "T", "SMD", "+5V", "", "R", 22.27, 21.26, 0, 0],
		[73, "R8_1", 376.96, -1128, "T", "SMD", "$1N1834", "", "R", 22.27, 21.26, 0, 0],
		[74, "R8_2", 411.04, -1128, "T", "SMD", "+5V", "", "R", 22.27, 21.26, 0, 0],
		[75, "R10_1", 64.96, -1126, "T", "SMD", "$1N1692", "", "R", 22.27, 21.26, 0, 0],
		[76, "R10_2", 99.04, -1126, "T", "SMD", "+5V", "", "R", 22.27, 21.26, 0, 0],
		[77, "R11_1", 402.83, -667.89, "T", "SMD", "$1N1940", "", "R", 22.27, 21.26, 0, 0],
		[78, "R11_2", 436.91, -667.89, "T", "SMD", "+5V", "", "R", 22.27, 21.26, 0, 0],
		[79, "R12_1", 402.83, -444.51, "T", "SMD", "$1N2041", "", "R", 22.27, 21.26, 0, 0],
		[80, "R12_2", 436.91, -444.51, "T", "SMD", "+5V", "", "R", 22.27, 21.26, 0, 0],
		[81, "R13_1", 402.96, -220, "T", "SMD", "$1N2004", "", "R", 22.27, 21.26, 0, 0],
		[82, "R13_2", 437.04, -220, "T", "SMD", "+5V", "", "R", 22.27, 21.26, 0, 0],
		[83, "R15_1", 402.83, -891.89, "T", "SMD", "$1N1906", "", "R", 22.27, 21.26, 0, 0],
		[84, "R15_2", 436.91, -891.89, "T", "SMD", "+5V", "", "R", 22.27, 21.26, 0, 0],
		[85, "U1_1", 179.84, -593.59, "T", "SMD", "+3.3V", "", "R", 11.81, 19.68, 0, 0],
		[86, "U1_2", 160.16, -593.59, "T", "SMD", "SCK", "", "R", 11.81, 19.68, 0, 0],
		[87, "U1_3", 135.78, -608.21, "T", "SMD", "GND", "GND", "R", 11.81, 19.68, 0, 270],
		[88, "U1_4", 135.78, -627.89, "T", "SMD", "SDI", "", "R", 11.81, 19.68, 0, 90],
		[89, "U1_5", 135.78, -647.58, "T", "SMD", "SDO", "", "R", 11.81, 19.68, 0, 90],
		[90, "U1_6", 160.16, -662.19, "T", "SMD", "CS1", "", "R", 11.81, 19.68, 0, 180],
		[91, "U1_7", 179.84, -662.19, "T", "SMD", "U1_7", "", "R", 11.81, 19.68, 0, 180],
		[92, "U1_8", 204.22, -647.58, "T", "SMD", "GND", "GND", "R", 11.81, 19.68, 0, 270],
		[93, "U1_9", 204.22, -627.89, "T", "SMD", "GND", "GND", "R", 11.81, 19.68, 0, 270],
		[94, "U1_10", 204.22, -608.21, "T", "SMD", "+3.3V", "", "R", 11.81, 19.68, 0, 270],
		[95, "U3_1", 198.6, -423.32, "T", "SMD", "GND", "GND", "R", 42.13, 23.62, 0, 270],
		[96, "U3_2", 273.4, -423.32, "T", "SMD", "+3.3V", "", "R", 42.13, 23.62, 0, 270],
		[97, "U3_3", 236, -326.07, "T", "SMD", "+5V", "", "R", 42.13, 23.62, 0, 270],
		[98, "U4_1", 309.84, -593.59, "T", "SMD", "+3.3V", "", "R", 11.81, 19.68, 0, 0],
		[99, "U4_2", 290.16, -593.59, "T", "SMD", "SCK", "", "R", 11.81, 19.68, 0, 0],
		[100, "U4_3", 265.78, -608.21, "T", "SMD", "GND", "GND", "R", 11.81, 19.68, 0, 270],
		[101, "U4_4", 265.78, -627.89, "T", "SMD", "SDI", "", "R", 11.81, 19.68, 0, 90],
		[102, "U4_5", 265.78, -647.58, "T", "SMD", "SDO", "", "R", 11.81, 19.68, 0, 90],
		[103, "U4_6", 290.16, -662.19, "T", "SMD", "CS4", "", "R", 11.81, 19.68, 0, 180],
		[104, "U4_7", 309.84, -662.19, "T", "SMD", "U4_7", "", "R", 11.81, 19.68, 0, 180],
		[105, "U4_8", 334.22, -647.58, "T", "SMD", "GND", "GND", "R", 11.81, 19.68, 0, 270],
		[106, "U4_9", 334.22, -627.89, "T", "SMD", "GND", "GND", "R", 11.81, 19.68, 0, 270],
		[107, "U4_10", 334.22, -608.21, "T", "SMD", "+3.3V", "", "R", 11.81, 19.68, 0, 270],
		[108, "U6_1", 179.84, -723.7, "T", "SMD", "+3.3V", "", "R", 11.81, 19.68, 0, 0],
		[109, "U6_2", 160.16, -723.7, "T", "SMD", "SCK", "", "R", 11.81, 19.68, 0, 0],
		[110, "U6_3", 135.78, -738.32, "T", "SMD", "GND", "GND", "R", 11.81, 19.68, 0, 270],
		[111, "U6_4", 135.78, -758, "T", "SMD", "SDI", "", "R", 11.81, 19.68, 0, 90],
		[112, "U6_5", 135.78, -777.69, "T", "SMD", "SDO", "", "R", 11.81, 19.68, 0, 90],
		[113, "U6_6", 160.16, -792.3, "T", "SMD", "CS2", "", "R", 11.81, 19.68, 0, 180],
		[114, "U6_7", 179.84, -792.3, "T", "SMD", "U6_7", "", "R", 11.81, 19.68, 0, 180],
		[115, "U6_8", 204.22, -777.69, "T", "SMD", "GND", "GND", "R", 11.81, 19.68, 0, 270],
		[116, "U6_9", 204.22, -758, "T", "SMD", "GND", "GND", "R", 11.81, 19.68, 0, 270],
		[117, "U6_10", 204.22, -738.32, "T", "SMD", "+3.3V", "", "R", 11.81, 19.68, 0, 270],
		[118, "U7_1", 311.84, -723.7, "T", "SMD", "+3.3V", "", "R", 11.81, 19.68, 0, 0],
		[119, "U7_2", 292.16, -723.7, "T", "SMD", "SCK", "", "R", 11.81, 19.68, 0, 0],
		[120, "U7_3", 267.78, -738.32, "T", "SMD", "GND", "GND", "R", 11.81, 19.68, 0, 270],
		[121, "U7_4", 267.78, -758, "T", "SMD", "SDI", "", "R", 11.81, 19.68, 0, 90],
		[122, "U7_5", 267.78, -777.69, "T", "SMD", "SDO", "", "R", 11.81, 19.68, 0, 90],
		[123, "U7_6", 292.16, -792.3, "T", "SMD", "CS3", "", "R", 11.81, 19.68, 0, 180],
		[124, "U7_7", 311.84, -792.3, "T", "SMD", "U7_7", "", "R", 11.81, 19.68, 0, 180],
		[125, "U7_8", 336.22, -777.69, "T", "SMD", "GND", "GND", "R", 11.81, 19.68, 0, 270],
		[126, "U7_9", 336.22, -758, "T", "SMD", "GND", "GND", "R", 11.81, 19.68, 0, 270],
		[127, "U7_10", 336.22, -738.32, "T", "SMD", "+3.3V", "", "R", 11.81, 19.68, 0, 270]
	]
}
}